{
 "ch19": {
  "return_pct": 127.16799080000007,
  "bh_return_pct": 340.4928423123156,
  "max_dd_pct": -37.95846722210206,
  "n_trades": 20,
  "win_rate": 50.0,
  "sharpe": 0.4352752285923061
 },
 "ch20": {
  "comm_0.0": 136.42340000000007,
  "comm_0.0005": 131.26683605000005,
  "comm_0.001": 127.16799080000007,
  "comm_0.002": 118.99495860000002,
  "comm_0.005": 92.62875700000001
 },
 "ch21": {
  "train_end": 750,
  "first_oos_window": 0.5238095238095236,
  "min_oos_window": 0.4444444444444443,
  "mean_oos": 0.5279593318809005
 },
 "ch21_snoop": {
  "best_pair": [
   9,
   43
  ],
  "best_in": 116.16871932587523,
  "best_out": 59.681540717597656,
  "median_out": 58.76030017014343
 }
}