{
 "ch9": {
  "final_gap_noreg": 0.04583098455857848,
  "best_val_noreg_epoch": 24
 },
 "ch10": {
  "rnn_norm_at_40": 5.699559698497673e-10
 },
 "ch11": {
  "max_attn": 0.17649285239696216
 },
 "ch12": {
  "Persistence": 1.546891983087073,
  "Linear AR(24)": 1.1269360605076073,
  "Window-MLP": 1.1390301216596217,
  "Zero (mean)": 1.1190105465243232
 }
}