{
 "ch13_scores": [
  2.86,
  4.29,
  0.0,
  -3.33,
  -3.33
 ],
 "ch13_vol": {
  "high_vol_days_mean_absret": 3.179986653920817,
  "normal_days_mean_absret": 1.2682728133866024,
  "n_high": 215
 },
 "ch15": {
  "n_up_gaps": 27,
  "n_dn_gaps": 25,
  "up_path_d10": 1.2350488028633904,
  "dn_path_d10": -2.231694781801896
 }
}