{
 "ch16": {
  "final_greedy_train": 31.438307121444865,
  "std_first20": 27.878277972218765,
  "std_last20": 10.288939156814516,
  "episodes": 60
 },
 "ch18": {
  "agent_final": 0.8006449616739546,
  "bh_final": 1.3333999034732984,
  "agent_dd": 0.21104095447955573,
  "bh_dd": 0.1634494523253719,
  "time_in_market": 0.0877742946708464
 },
 "ch18_shaping": {
  "plain_final": 0.8006449616739546,
  "penal_final": 1.0,
  "plain_dd": 21.104095447955572,
  "penal_dd": 0.0
 }
}