{
 "ch5": {
  "Logistic Regression": {
   "acc": 0.5078369905956113,
   "prec": 0.5387931034482759,
   "rec": 0.7142857142857143,
   "f1": 0.6142506142506142
  },
  "Decision Tree": {
   "acc": 0.5203761755485894,
   "prec": 0.5617977528089888,
   "rec": 0.5714285714285714,
   "f1": 0.56657223796034
  },
  "Random Forest": {
   "acc": 0.47648902821316613,
   "prec": 0.5175438596491229,
   "rec": 0.6742857142857143,
   "f1": 0.5856079404466501
  },
  "XGBoost": {
   "acc": 0.4670846394984326,
   "prec": 0.5128205128205128,
   "rec": 0.5714285714285714,
   "f1": 0.5405405405405406
  },
  "best": "Decision Tree"
 },
 "ch6": {
  "Linear": {
   "rmse": 0.018550385093548973,
   "mae": 0.012198951386544471,
   "r2": -0.012392877958398607
  },
  "Ridge": {
   "rmse": 0.01855013308083751,
   "mae": 0.012198578329624163,
   "r2": -0.01236537080532285
  },
  "Lasso": {
   "rmse": 0.01853083334428935,
   "mae": 0.012160746570139325,
   "r2": -0.0102599173403497
  },
  "SVR": {
   "rmse": 0.022867830037464724,
   "mae": 0.015700910013283394,
   "r2": -0.5384845288682896
  }
 },
 "ch7": {
  "cluster_share": {
   "انتقالي": 0.14997649271274094,
   "عاصف": 0.16361071932299012,
   "هادئ": 0.686412787964269
  },
  "pca_first3": 56.55315949730851,
  "anomaly_days": 43
 },
 "ch8": {
  "best_params": {
   "max_depth": 2,
   "lr": 0.07,
   "n_estimators": 200
  },
  "val_acc": 0.5301204819277109,
  "test_acc": 0.5020080321285141,
  "strat_total": 0.00731943849543959,
  "bh_total": 0.03721707428224108
 }
}